id,product_id,units,movement_date,purchaseOrSale
1,36,16,2/3/2023,Purchase
2,15,89,29/1/2023,Sale
3,43,50,22/9/2022,Purchase
4,8,55,25/9/2022,Sale
5,20,16,26/3/2023,Purchase
6,47,28,27/7/2023,Purchase
7,128,67,16/9/2023,Sale
8,79,52,6/3/2023,Sale
9,147,80,9/12/2022,Purchase
10,144,60,22/1/2023,Sale
11,133,52,26/9/2022,Purchase
12,14,81,9/5/2023,Sale
13,11,38,29/5/2023,Sale
14,146,38,5/6/2023,Sale
15,135,19,18/12/2022,Sale
16,91,36,10/8/2023,Sale
17,40,25,6/5/2023,Purchase
18,19,72,3/6/2023,Sale
19,72,79,14/9/2023,Purchase
20,138,69,20/3/2023,Purchase
21,34,83,13/10/2022,Sale
22,61,62,1/11/2022,Sale
23,39,70,5/2/2023,Purchase
24,75,36,19/9/2022,Purchase
25,22,50,3/5/2023,Purchase
26,62,43,18/11/2022,Purchase
27,35,29,25/8/2023,Sale
28,150,96,4/1/2023,Purchase
29,121,28,28/12/2022,Purchase
30,26,12,8/2/2023,Sale
31,129,98,30/9/2022,Sale
32,105,36,13/1/2023,Sale
33,37,53,12/1/2023,Sale
34,74,87,2/6/2023,Sale
35,53,31,14/2/2023,Purchase
36,9,87,17/12/2022,Purchase
37,88,92,12/12/2022,Purchase
38,83,13,9/10/2022,Purchase
39,3,89,22/2/2023,Purchase
40,24,90,30/9/2022,Sale
41,67,48,18/3/2023,Purchase
42,123,11,27/6/2023,Sale
43,80,38,5/9/2023,Sale
44,94,53,19/3/2023,Sale
45,97,63,12/9/2023,Sale
46,132,47,4/2/2023,Sale
47,32,73,29/4/2023,Purchase
48,84,37,8/3/2023,Purchase
49,65,4,30/4/2023,Purchase
50,113,14,4/6/2023,Purchase
51,28,3,17/2/2023,Purchase
52,30,5,28/11/2022,Purchase
53,106,67,18/9/2022,Purchase
54,63,60,30/7/2023,Sale
55,126,23,27/11/2022,Purchase
56,7,11,15/8/2023,Purchase
57,71,12,8/7/2023,Purchase
58,115,26,27/10/2022,Sale
59,52,38,11/5/2023,Sale
60,119,92,15/4/2023,Sale
61,70,18,17/12/2022,Sale
62,57,51,19/4/2023,Purchase
63,108,4,25/1/2023,Purchase
64,50,40,8/7/2023,Purchase
65,92,18,14/5/2023,Purchase
66,120,72,4/12/2022,Sale
67,111,15,11/7/2023,Purchase
68,93,14,6/11/2022,Sale
69,124,28,20/7/2023,Sale
70,103,69,23/5/2023,Sale
71,112,92,9/4/2023,Sale
72,29,65,18/9/2022,Sale
73,48,15,28/11/2022,Sale
74,21,76,20/10/2022,Purchase
75,85,18,25/2/2023,Purchase
76,90,53,24/7/2023,Purchase
77,102,36,26/2/2023,Purchase
78,59,39,13/3/2023,Sale
79,64,73,2/2/2023,Purchase
80,143,56,4/4/2023,Purchase
81,31,24,21/2/2023,Sale
82,122,79,2/4/2023,Purchase
83,87,29,8/11/2022,Purchase
84,137,50,15/5/2023,Purchase
85,73,87,18/6/2023,Purchase
86,44,31,7/10/2022,Sale
87,38,8,28/6/2023,Sale
88,149,69,23/8/2023,Purchase
89,96,33,9/3/2023,Purchase
90,45,45,25/5/2023,Sale
91,131,26,15/2/2023,Sale
92,51,10,23/4/2023,Sale
93,95,83,2/1/2023,Purchase
94,134,7,22/10/2022,Purchase
95,46,16,19/5/2023,Sale
96,118,11,1/7/2023,Sale
97,33,46,28/9/2022,Purchase
98,27,99,21/12/2022,Purchase
99,12,68,15/8/2023,Sale
100,25,30,18/10/2022,Sale
101,82,7,7/2/2023,Purchase
102,13,28,13/9/2023,Sale
103,109,20,10/4/2023,Purchase
104,101,27,21/6/2023,Purchase
105,5,4,26/9/2022,Purchase
106,130,87,6/7/2023,Purchase
107,100,76,14/12/2022,Sale
108,145,27,28/12/2022,Sale
109,98,89,25/11/2022,Purchase
110,1,60,27/11/2022,Purchase
111,81,77,29/11/2022,Purchase
112,107,49,8/4/2023,Purchase
113,42,82,25/11/2022,Purchase
114,10,60,9/10/2022,Purchase
115,110,69,10/5/2023,Sale
116,6,45,23/1/2023,Purchase
117,117,50,10/8/2023,Purchase
118,16,51,7/6/2023,Sale
119,58,17,11/5/2023,Purchase
120,127,34,14/6/2023,Purchase
121,60,25,24/6/2023,Sale
122,56,96,11/8/2023,Sale
123,116,27,16/8/2023,Sale
124,76,32,31/1/2023,Sale
125,18,93,6/5/2023,Purchase
126,114,25,30/5/2023,Purchase
127,41,80,30/1/2023,Purchase
128,142,100,5/3/2023,Sale
129,78,23,24/3/2023,Sale
130,4,66,4/6/2023,Purchase
131,55,51,1/3/2023,Sale
132,2,60,10/6/2023,Purchase
133,86,63,11/8/2023,Purchase
134,54,88,4/2/2023,Sale
135,139,38,15/12/2022,Sale
136,66,28,10/9/2023,Sale
137,49,84,30/7/2023,Purchase
138,17,25,30/1/2023,Purchase
139,125,19,23/10/2022,Purchase
140,23,76,12/9/2023,Purchase
141,148,64,14/1/2023,Purchase
142,77,28,19/9/2022,Purchase
143,99,52,27/3/2023,Purchase
144,141,40,26/7/2023,Purchase
145,136,2,23/8/2023,Sale
146,148,82,3/12/2022,Purchase
147,35,37,13/1/2023,Purchase
148,125,76,9/12/2022,Sale
149,15,61,12/6/2023,Purchase
150,48,37,20/11/2022,Purchase
151,39,49,30/7/2023,Purchase
152,107,67,11/8/2023,Sale
153,87,67,7/12/2022,Sale
154,111,82,7/9/2023,Purchase
155,121,49,26/9/2022,Purchase
156,89,82,26/12/2022,Sale
157,10,50,12/7/2023,Purchase
158,144,7,12/1/2023,Purchase
159,34,76,7/10/2022,Purchase
160,108,39,20/8/2023,Purchase
161,110,7,12/8/2023,Sale
162,86,55,27/10/2022,Sale
163,68,89,23/6/2023,Sale
164,147,88,13/10/2022,Sale
165,99,97,2/1/2023,Purchase
166,75,41,2/10/2022,Sale
167,137,67,10/12/2022,Sale
168,51,7,20/11/2022,Sale
169,71,1,24/2/2023,Purchase
170,100,64,21/8/2023,Sale
171,36,71,13/2/2023,Sale
172,37,80,10/12/2022,Sale
173,109,58,27/9/2022,Purchase
174,145,20,13/11/2022,Purchase
175,126,11,26/9/2022,Sale
176,97,70,17/5/2023,Purchase
177,91,30,13/10/2022,Sale
178,88,55,5/11/2022,Sale
179,123,64,7/8/2023,Purchase
180,128,25,14/6/2023,Purchase
181,146,98,24/10/2022,Sale
182,62,45,31/7/2023,Purchase
183,54,6,27/5/2023,Purchase
184,101,89,5/9/2023,Purchase
185,46,33,19/2/2023,Purchase
186,13,43,30/6/2023,Purchase
187,9,92,13/6/2023,Purchase
188,3,24,17/12/2022,Sale
189,17,42,18/10/2022,Purchase
190,63,44,28/3/2023,Sale
191,131,96,20/4/2023,Sale
192,19,56,30/4/2023,Sale
193,64,15,16/7/2023,Sale
194,106,91,30/4/2023,Purchase
195,1,13,15/12/2022,Sale
196,18,5,4/9/2023,Purchase
197,119,57,7/4/2023,Purchase
198,138,41,10/11/2022,Sale
199,26,24,23/4/2023,Purchase
200,58,47,17/2/2023,Purchase
201,23,13,8/8/2023,Purchase
202,2,87,18/2/2023,Purchase
203,120,14,5/5/2023,Purchase
204,113,58,21/8/2023,Purchase
205,43,11,31/5/2023,Purchase
206,16,57,14/11/2022,Sale
207,12,54,9/12/2022,Purchase
208,141,99,30/3/2023,Purchase
209,21,41,20/10/2022,Sale
210,11,63,2/3/2023,Purchase
211,102,70,20/4/2023,Purchase
212,80,24,1/4/2023,Sale
213,132,90,10/3/2023,Purchase
214,55,11,5/10/2022,Sale
215,78,47,1/8/2023,Purchase
216,56,60,13/8/2023,Purchase
217,135,62,4/10/2022,Purchase
218,22,58,3/8/2023,Sale
219,14,35,9/9/2023,Purchase
220,85,59,3/10/2022,Sale
221,29,88,6/5/2023,Sale
222,76,31,24/12/2022,Sale
223,65,89,29/6/2023,Purchase
224,96,98,20/11/2022,Sale
225,33,7,9/3/2023,Purchase
226,116,42,13/2/2023,Purchase
227,8,33,3/5/2023,Sale
228,20,50,10/9/2023,Sale
229,57,32,15/5/2023,Sale
230,130,24,8/9/2023,Purchase
231,134,74,11/8/2023,Sale
232,117,21,27/12/2022,Sale
233,69,55,27/9/2022,Purchase
234,112,54,9/2/2023,Purchase
235,90,63,4/7/2023,Purchase
236,150,92,28/11/2022,Sale
237,44,36,9/2/2023,Sale
238,74,34,21/1/2023,Purchase
239,47,80,29/11/2022,Purchase
240,73,31,27/7/2023,Purchase
241,31,70,1/7/2023,Purchase
242,49,34,7/7/2023,Sale
243,118,91,15/8/2023,Purchase
244,104,83,14/10/2022,Purchase
245,42,13,22/4/2023,Purchase
246,115,93,12/9/2023,Purchase
247,66,60,1/11/2022,Sale
248,83,99,16/12/2022,Purchase
249,70,67,15/9/2023,Sale
250,149,90,31/8/2023,Sale
251,6,25,23/10/2022,Purchase
252,25,48,21/4/2023,Sale
253,28,38,30/1/2023,Sale
254,94,47,17/12/2022,Sale
255,136,29,17/1/2023,Purchase
256,82,95,5/7/2023,Purchase
257,81,41,12/5/2023,Purchase
258,124,68,25/11/2022,Sale
259,7,89,2/1/2023,Purchase
260,84,7,18/8/2023,Sale
261,72,88,4/11/2022,Sale
262,60,98,9/8/2023,Purchase
263,32,96,5/12/2022,Sale
264,95,35,13/3/2023,Sale
265,52,87,27/12/2022,Sale
266,45,5,1/7/2023,Sale
267,38,14,26/11/2022,Sale
268,40,34,14/4/2023,Purchase
269,122,39,3/7/2023,Purchase
270,142,42,13/11/2022,Sale
271,41,46,30/3/2023,Sale
272,27,45,15/5/2023,Purchase
273,105,18,19/5/2023,Sale
274,30,10,2/12/2022,Sale
275,77,17,2/8/2023,Purchase
276,79,13,7/12/2022,Purchase
277,139,61,2/9/2023,Purchase
278,67,39,28/1/2023,Purchase
279,59,59,20/3/2023,Purchase
280,4,10,17/7/2023,Sale
281,61,42,29/9/2022,Purchase
282,5,60,20/2/2023,Sale
283,98,49,25/11/2022,Sale
284,127,51,11/3/2023,Purchase
285,24,30,14/1/2023,Purchase
286,92,94,27/2/2023,Purchase
287,143,73,1/11/2022,Sale
288,114,19,25/3/2023,Sale
289,129,1,10/6/2023,Purchase
290,93,91,7/5/2023,Sale
291,133,61,10/1/2023,Purchase
292,103,35,23/7/2023,Sale
293,131,27,7/10/2022,Purchase
294,38,5,28/10/2022,Purchase
295,133,65,18/10/2022,Sale
296,124,39,5/7/2023,Sale
297,8,94,26/8/2023,Sale
298,140,83,11/7/2023,Sale
299,136,74,18/9/2022,Purchase
300,1,32,11/12/2022,Sale
301,14,66,2/1/2023,Purchase
302,18,96,12/9/2023,Purchase
303,63,22,8/5/2023,Purchase
304,44,96,5/9/2023,Purchase
305,112,67,14/5/2023,Purchase
306,80,47,5/7/2023,Sale
307,135,69,2/10/2022,Sale
308,128,51,5/1/2023,Sale
309,58,86,1/4/2023,Purchase
310,6,30,25/3/2023,Purchase
311,5,56,13/5/2023,Purchase
312,115,81,23/9/2022,Purchase
313,100,32,7/12/2022,Purchase
314,71,12,4/11/2022,Purchase
315,45,7,4/11/2022,Purchase
316,59,92,10/7/2023,Purchase
317,23,92,3/5/2023,Sale
318,70,21,6/7/2023,Purchase
319,3,38,24/8/2023,Sale
320,12,22,24/4/2023,Purchase
321,138,43,26/10/2022,Sale
322,132,58,25/9/2022,Purchase
323,67,74,29/12/2022,Sale
324,125,52,10/10/2022,Sale
325,72,27,4/2/2023,Sale
326,66,52,19/3/2023,Purchase
327,15,7,6/2/2023,Sale
328,69,46,5/11/2022,Sale
329,34,72,5/11/2022,Purchase
330,129,35,28/3/2023,Sale
331,22,71,6/8/2023,Purchase
332,82,90,1/6/2023,Sale
333,81,33,23/3/2023,Purchase
334,21,21,10/12/2022,Sale
335,60,94,15/3/2023,Purchase
336,16,62,11/1/2023,Purchase
337,113,85,21/3/2023,Sale
338,48,24,14/4/2023,Purchase
339,37,79,30/10/2022,Purchase
340,7,72,2/12/2022,Sale
341,17,82,1/6/2023,Sale
342,55,69,22/11/2022,Sale
343,4,41,25/11/2022,Purchase
344,27,81,19/4/2023,Sale
345,64,68,29/6/2023,Sale
346,91,16,1/5/2023,Purchase
347,41,88,19/8/2023,Purchase
348,144,31,28/11/2022,Sale
349,76,18,11/8/2023,Purchase
350,29,81,20/3/2023,Sale
351,52,18,26/11/2022,Sale
352,39,84,17/12/2022,Purchase
353,31,66,31/8/2023,Sale
354,43,93,24/3/2023,Purchase
355,28,14,18/6/2023,Purchase
356,73,72,12/6/2023,Purchase
357,94,5,3/2/2023,Purchase
358,42,15,7/7/2023,Purchase
359,96,16,18/4/2023,Purchase
360,9,11,23/6/2023,Sale
361,19,99,21/6/2023,Purchase
362,83,32,8/4/2023,Sale
363,95,99,12/1/2023,Sale
364,30,58,25/3/2023,Purchase
365,106,84,5/12/2022,Purchase
366,75,3,12/5/2023,Sale
367,36,12,17/5/2023,Purchase
368,20,22,11/4/2023,Sale
369,127,19,13/3/2023,Purchase
370,108,39,22/6/2023,Purchase
371,97,23,23/5/2023,Purchase
372,119,8,18/7/2023,Purchase
373,147,35,16/6/2023,Sale
374,24,75,10/5/2023,Purchase
375,98,82,2/9/2023,Purchase
376,13,38,2/6/2023,Sale
377,137,45,23/9/2022,Purchase
378,25,15,5/2/2023,Purchase
379,143,8,26/7/2023,Purchase
380,56,73,3/1/2023,Sale
381,114,74,25/6/2023,Purchase
382,87,74,3/10/2022,Sale
383,142,100,14/7/2023,Purchase
384,84,14,11/2/2023,Sale
385,116,90,6/8/2023,Sale
386,107,5,1/12/2022,Purchase
387,68,77,1/6/2023,Purchase
388,40,66,26/2/2023,Sale
389,104,19,7/4/2023,Sale
390,110,26,14/9/2023,Purchase
391,102,3,10/3/2023,Purchase
392,130,27,1/2/2023,Purchase
393,105,78,11/12/2022,Sale
394,134,20,2/7/2023,Purchase
395,148,46,8/5/2023,Purchase
396,49,69,26/12/2022,Sale
397,103,48,12/5/2023,Purchase
398,78,50,25/3/2023,Sale
399,35,71,25/11/2022,Sale
400,145,47,16/9/2023,Purchase
401,26,24,26/6/2023,Purchase
402,79,78,6/10/2022,Sale
403,10,84,9/5/2023,Purchase
404,65,90,16/7/2023,Sale
405,61,31,7/7/2023,Purchase
406,139,40,13/7/2023,Sale
407,122,59,12/5/2023,Sale
408,99,42,31/8/2023,Purchase
409,88,95,10/1/2023,Purchase
410,111,48,1/7/2023,Purchase
411,11,48,18/11/2022,Sale
412,146,95,1/3/2023,Purchase
413,89,56,2/7/2023,Sale
414,57,76,2/12/2022,Purchase
415,117,66,13/3/2023,Purchase
416,126,42,25/10/2022,Purchase
417,109,34,17/8/2023,Purchase
418,50,50,27/1/2023,Purchase
419,121,15,22/2/2023,Sale
420,62,76,31/1/2023,Sale
421,149,97,27/6/2023,Sale
422,77,9,30/6/2023,Purchase
423,46,11,12/11/2022,Purchase
424,51,1,31/12/2022,Purchase
425,86,50,19/1/2023,Sale
426,93,40,7/3/2023,Purchase
427,85,34,21/12/2022,Purchase
428,74,13,13/1/2023,Sale
429,47,3,22/8/2023,Purchase
430,141,12,31/5/2023,Purchase
431,33,80,3/10/2022,Sale
432,101,62,2/12/2022,Purchase
433,150,64,7/7/2023,Purchase
434,32,72,18/9/2022,Purchase
435,54,47,14/2/2023,Purchase
436,123,5,21/7/2023,Purchase
437,92,54,25/5/2023,Purchase
438,118,32,24/9/2022,Purchase
439,120,51,4/1/2023,Sale
440,53,85,3/1/2023,Sale
441,94,46,12/3/2023,Sale
442,45,3,1/3/2023,Sale
443,43,28,7/12/2022,Purchase
444,134,72,22/2/2023,Purchase
445,83,29,15/6/2023,Purchase
446,73,28,9/10/2022,Purchase
447,17,73,25/2/2023,Purchase
448,140,57,26/3/2023,Sale
449,85,48,9/9/2023,Purchase
450,40,58,28/8/2023,Purchase
451,9,80,18/9/2022,Sale
452,62,50,6/1/2023,Sale
453,47,43,16/12/2022,Sale
454,84,14,15/3/2023,Sale
455,150,39,5/4/2023,Purchase
456,21,4,12/11/2022,Sale
457,111,22,19/3/2023,Purchase
458,76,36,25/2/2023,Sale
459,145,82,25/8/2023,Purchase
460,109,36,13/7/2023,Purchase
461,107,11,13/3/2023,Sale
462,74,92,7/11/2022,Sale
463,2,61,9/1/2023,Sale
464,63,2,28/8/2023,Sale
465,66,72,12/10/2022,Sale
466,51,15,23/11/2022,Purchase
467,123,35,10/3/2023,Purchase
468,137,53,8/3/2023,Sale
469,55,5,19/2/2023,Sale
470,138,39,22/12/2022,Sale
471,16,49,17/4/2023,Purchase
472,143,4,19/6/2023,Purchase
473,26,80,22/8/2023,Sale
474,22,34,25/4/2023,Sale
475,148,38,28/1/2023,Purchase
476,129,65,7/6/2023,Sale
477,4,20,25/8/2023,Purchase
478,41,74,14/3/2023,Purchase
479,10,69,1/11/2022,Sale
480,117,80,14/2/2023,Sale
481,135,92,19/1/2023,Purchase
482,122,95,14/2/2023,Purchase
483,82,19,14/7/2023,Sale
484,1,47,21/9/2022,Purchase
485,38,35,23/5/2023,Purchase
486,71,100,15/3/2023,Sale
487,96,99,24/7/2023,Purchase
488,136,2,6/7/2023,Sale
489,114,66,13/6/2023,Sale
490,105,95,5/11/2022,Sale
491,127,92,21/5/2023,Sale
492,53,57,2/9/2023,Purchase
493,112,21,15/8/2023,Purchase
494,64,15,30/7/2023,Purchase
495,25,33,21/10/2022,Sale
496,68,79,22/5/2023,Purchase
497,65,3,31/10/2022,Purchase
498,120,16,7/1/2023,Sale
499,119,24,11/3/2023,Sale
500,142,84,4/3/2023,Sale
501,110,33,13/10/2022,Sale
502,13,62,9/5/2023,Sale
503,60,76,30/3/2023,Purchase
504,32,32,30/10/2022,Purchase
505,8,83,11/11/2022,Sale
506,52,94,11/2/2023,Purchase
507,67,20,11/2/2023,Purchase
508,46,49,11/6/2023,Purchase
509,97,70,9/10/2022,Sale
510,86,47,6/3/2023,Sale
511,50,64,12/12/2022,Sale
512,100,67,7/7/2023,Purchase
513,133,14,1/11/2022,Purchase
514,33,32,22/3/2023,Purchase
515,15,85,15/10/2022,Purchase
516,12,95,20/2/2023,Purchase
517,11,94,1/12/2022,Purchase
518,104,88,11/8/2023,Purchase
519,124,56,1/12/2022,Purchase
520,56,66,19/12/2022,Sale
521,93,69,24/9/2022,Purchase
522,77,13,18/10/2022,Purchase
523,37,15,20/1/2023,Sale
524,99,49,4/9/2023,Sale
525,101,53,10/6/2023,Purchase
526,121,78,20/4/2023,Purchase
527,27,24,5/2/2023,Sale
528,91,49,16/10/2022,Sale
529,106,23,27/2/2023,Sale
530,139,74,3/4/2023,Purchase
531,44,18,7/10/2022,Purchase
532,42,66,28/3/2023,Purchase
533,149,53,4/2/2023,Sale
534,34,18,22/6/2023,Sale
535,79,55,29/10/2022,Purchase
536,19,76,14/2/2023,Purchase
537,30,56,24/7/2023,Purchase
538,90,77,27/2/2023,Purchase
539,128,61,10/1/2023,Purchase
540,14,77,28/1/2023,Sale
541,3,1,19/12/2022,Sale
542,130,73,25/10/2022,Purchase
543,95,1,13/6/2023,Sale
544,78,83,9/7/2023,Sale
545,6,11,4/9/2023,Sale
546,81,7,19/8/2023,Purchase
547,28,54,26/11/2022,Purchase
548,72,17,13/1/2023,Purchase
549,98,77,11/9/2023,Purchase
550,48,99,29/4/2023,Purchase
551,58,27,30/10/2022,Purchase
552,88,40,25/4/2023,Sale
553,103,29,25/2/2023,Purchase
554,18,4,23/3/2023,Sale
555,102,94,30/5/2023,Sale
556,146,12,21/4/2023,Purchase
557,39,23,15/1/2023,Sale
558,115,57,24/7/2023,Sale
559,116,45,4/4/2023,Sale
560,132,19,15/4/2023,Purchase
561,29,36,1/5/2023,Purchase
562,141,84,17/8/2023,Purchase
563,125,10,5/8/2023,Purchase
564,23,54,21/12/2022,Sale
565,126,29,10/6/2023,Purchase
566,61,76,3/12/2022,Sale
567,118,85,20/8/2023,Sale
568,49,94,27/12/2022,Sale
569,24,82,26/12/2022,Purchase
570,70,78,11/12/2022,Sale
571,113,48,9/10/2022,Purchase
572,7,59,2/10/2022,Sale
573,36,76,12/3/2023,Purchase
574,144,74,21/4/2023,Purchase
575,69,48,15/12/2022,Sale
576,75,64,19/6/2023,Sale
577,54,49,23/6/2023,Purchase
578,35,51,14/1/2023,Sale
579,57,84,10/2/2023,Sale
580,20,6,8/8/2023,Purchase
581,89,86,31/10/2022,Purchase
582,5,64,23/1/2023,Purchase
583,31,57,24/3/2023,Sale
584,59,3,30/10/2022,Sale
585,92,87,17/9/2023,Purchase
586,87,81,21/12/2022,Purchase
587,81,9,27/7/2023,Purchase
588,103,58,14/5/2023,Sale
589,101,28,26/12/2022,Sale
590,112,20,2/12/2022,Sale
591,88,52,6/3/2023,Purchase
592,43,68,17/4/2023,Sale
593,136,70,27/1/2023,Sale
594,47,8,21/8/2023,Sale
595,127,9,11/10/2022,Purchase
596,113,3,13/6/2023,Sale
597,117,19,28/4/2023,Sale
598,70,13,7/5/2023,Purchase
599,111,58,13/2/2023,Sale
600,118,70,20/9/2022,Sale
601,138,39,8/8/2023,Purchase
602,10,61,7/12/2022,Purchase
603,5,20,7/10/2022,Purchase
604,65,42,16/6/2023,Purchase
605,75,36,10/1/2023,Sale
606,56,87,24/9/2022,Sale
607,105,78,27/7/2023,Sale
608,27,3,17/9/2023,Purchase
609,119,82,18/6/2023,Purchase
610,140,30,23/1/2023,Sale
611,54,29,5/10/2022,Purchase
612,18,91,26/10/2022,Sale
613,131,52,25/9/2022,Sale
614,115,49,25/1/2023,Sale
615,126,37,11/7/2023,Sale
616,55,52,17/10/2022,Purchase
617,72,31,21/9/2022,Sale
618,8,90,28/1/2023,Sale
619,134,62,26/6/2023,Purchase
620,120,75,9/9/2023,Purchase
621,125,61,13/9/2023,Sale
622,93,30,24/4/2023,Sale
623,114,76,11/11/2022,Sale
624,135,64,22/5/2023,Purchase
625,12,73,29/12/2022,Purchase
626,76,9,13/2/2023,Purchase
627,33,89,11/3/2023,Purchase
628,51,53,25/5/2023,Purchase
629,4,21,9/4/2023,Sale
630,30,2,19/12/2022,Sale
631,58,96,22/8/2023,Sale
632,69,94,20/6/2023,Purchase
633,32,37,6/8/2023,Purchase
634,26,63,2/5/2023,Purchase
635,25,16,28/5/2023,Purchase
636,89,76,15/6/2023,Purchase
637,110,99,11/11/2022,Sale
638,14,5,23/5/2023,Sale
639,91,16,7/5/2023,Sale
640,38,54,14/7/2023,Purchase
641,45,4,9/3/2023,Sale
642,108,96,28/4/2023,Sale
643,86,11,24/9/2022,Purchase
644,130,43,9/12/2022,Sale
645,52,85,28/2/2023,Sale
646,50,30,8/4/2023,Sale
647,22,68,1/11/2022,Sale
648,73,28,3/4/2023,Sale
649,66,54,14/12/2022,Sale
650,41,72,24/12/2022,Purchase
651,59,52,20/4/2023,Purchase
652,121,79,9/12/2022,Sale
653,146,15,17/5/2023,Sale
654,150,66,27/10/2022,Sale
655,79,16,30/8/2023,Sale
656,42,90,14/2/2023,Purchase
657,139,32,10/8/2023,Sale
658,116,73,29/3/2023,Purchase
659,64,45,10/7/2023,Sale
660,68,62,13/6/2023,Sale
661,53,30,5/9/2023,Sale
662,141,51,16/2/2023,Sale
663,128,50,26/6/2023,Sale
664,19,99,7/1/2023,Purchase
665,15,27,20/8/2023,Sale
666,62,88,5/1/2023,Purchase
667,90,74,20/11/2022,Sale
668,100,32,11/1/2023,Sale
669,148,24,4/8/2023,Sale
670,80,29,1/2/2023,Sale
671,17,30,4/12/2022,Sale
672,82,4,12/2/2023,Sale
673,35,95,22/4/2023,Purchase
674,2,4,28/2/2023,Sale
675,23,79,29/8/2023,Sale
676,24,88,25/9/2022,Sale
677,104,92,28/11/2022,Purchase
678,106,80,6/5/2023,Sale
679,147,13,30/1/2023,Sale
680,1,11,5/10/2022,Purchase
681,96,42,18/12/2022,Purchase
682,77,23,27/1/2023,Sale
683,9,84,6/11/2022,Purchase
684,67,75,15/3/2023,Sale
685,36,12,14/5/2023,Sale
686,71,24,14/7/2023,Purchase
687,60,60,23/12/2022,Purchase
688,39,49,18/6/2023,Sale
689,57,37,5/1/2023,Purchase
690,31,66,26/4/2023,Purchase
691,63,62,12/8/2023,Purchase
692,123,100,29/10/2022,Purchase
693,21,62,18/4/2023,Sale
694,145,24,22/1/2023,Purchase
695,37,69,3/8/2023,Sale
696,61,60,16/11/2022,Sale
697,49,56,13/10/2022,Purchase
698,124,38,19/4/2023,Purchase
699,7,77,16/11/2022,Sale
700,28,19,2/9/2023,Purchase
701,95,22,11/2/2023,Purchase
702,132,63,23/10/2022,Sale
703,16,66,27/7/2023,Sale
704,20,28,6/3/2023,Purchase
705,85,57,30/4/2023,Purchase
706,48,69,15/1/2023,Sale
707,109,100,7/10/2022,Purchase
708,29,43,16/12/2022,Sale
709,97,91,9/12/2022,Sale
710,74,75,18/11/2022,Purchase
711,92,16,1/7/2023,Purchase
712,102,62,20/12/2022,Purchase
713,133,26,14/6/2023,Purchase
714,98,17,1/9/2023,Purchase
715,142,62,30/1/2023,Purchase
716,13,35,24/3/2023,Sale
717,40,15,11/2/2023,Sale
718,44,66,30/11/2022,Sale
719,137,54,1/1/2023,Sale
720,84,85,20/9/2022,Purchase
721,78,96,11/11/2022,Purchase
722,107,58,25/2/2023,Sale
723,122,88,13/3/2023,Purchase
724,99,86,11/1/2023,Purchase
725,143,80,27/11/2022,Purchase
726,3,87,12/4/2023,Sale
727,46,73,29/10/2022,Sale
728,87,55,19/11/2022,Purchase
729,129,15,1/10/2022,Sale
730,31,74,25/2/2023,Purchase
731,78,79,18/5/2023,Sale
732,26,86,12/5/2023,Sale
733,25,93,7/6/2023,Purchase
734,41,37,10/4/2023,Purchase
735,22,78,18/8/2023,Sale
736,79,79,24/5/2023,Sale
737,144,60,19/6/2023,Sale
738,56,78,22/8/2023,Purchase
739,138,14,25/11/2022,Sale
740,58,62,29/1/2023,Sale
741,19,16,17/1/2023,Sale
742,95,87,21/10/2022,Sale
743,135,67,2/12/2022,Purchase
744,2,40,18/11/2022,Purchase
745,90,87,10/1/2023,Purchase
746,98,52,17/8/2023,Sale
747,33,25,7/11/2022,Purchase
748,63,37,4/4/2023,Purchase
749,34,4,16/10/2022,Purchase
750,86,30,30/3/2023,Purchase
751,42,32,31/8/2023,Sale
752,125,23,26/5/2023,Sale
753,145,25,23/11/2022,Sale
754,113,80,7/4/2023,Sale
755,108,96,7/5/2023,Sale
756,14,74,17/9/2023,Purchase
757,143,59,26/11/2022,Purchase
758,47,43,16/9/2023,Purchase
759,140,97,18/12/2022,Purchase
760,149,10,28/8/2023,Sale
761,103,70,30/1/2023,Purchase
762,80,37,6/6/2023,Purchase
763,67,85,26/1/2023,Purchase
764,68,14,5/6/2023,Purchase
765,111,39,26/7/2023,Purchase
766,5,19,9/8/2023,Sale
767,92,17,6/7/2023,Purchase
768,117,61,31/3/2023,Purchase
769,81,23,19/2/2023,Sale
770,11,49,26/2/2023,Purchase
771,59,64,20/5/2023,Purchase
772,37,94,12/6/2023,Purchase
773,23,37,11/3/2023,Purchase
774,115,37,7/3/2023,Purchase
775,126,49,21/10/2022,Purchase
776,62,87,15/4/2023,Purchase
777,83,27,17/1/2023,Sale
778,75,4,30/9/2022,Purchase
779,50,1,5/1/2023,Sale
780,73,55,4/12/2022,Purchase
781,121,29,15/4/2023,Sale
782,64,5,16/5/2023,Sale
783,105,54,3/7/2023,Sale
784,15,100,10/10/2022,Purchase
785,51,49,1/7/2023,Purchase
786,38,52,6/1/2023,Sale
787,65,74,24/1/2023,Purchase
788,129,64,26/7/2023,Sale
789,123,42,23/5/2023,Sale
790,9,92,8/5/2023,Sale
791,71,63,23/11/2022,Sale
792,104,61,26/7/2023,Purchase
793,141,64,14/4/2023,Sale
794,109,39,31/12/2022,Purchase
795,76,95,2/12/2022,Purchase
796,100,10,30/3/2023,Purchase
797,6,32,11/10/2022,Sale
798,84,34,21/7/2023,Purchase
799,40,75,20/10/2022,Purchase
800,54,29,29/7/2023,Sale
801,124,43,10/12/2022,Purchase
802,127,20,13/12/2022,Sale
803,70,87,3/1/2023,Sale
804,110,18,13/2/2023,Sale
805,106,58,10/1/2023,Sale
806,16,44,13/11/2022,Sale
807,36,77,22/6/2023,Purchase
808,77,18,20/7/2023,Sale
809,148,77,23/3/2023,Sale
810,74,94,26/2/2023,Purchase
811,12,97,11/2/2023,Sale
812,132,12,7/2/2023,Sale
813,29,21,22/1/2023,Sale
814,150,86,1/6/2023,Purchase
815,66,49,23/2/2023,Purchase
816,134,83,25/1/2023,Sale
817,85,74,29/10/2022,Sale
818,7,49,14/3/2023,Sale
819,99,39,10/2/2023,Sale
820,87,28,31/7/2023,Purchase
821,89,29,5/2/2023,Purchase
822,20,52,28/1/2023,Sale
823,28,43,1/3/2023,Purchase
824,142,63,12/11/2022,Sale
825,128,90,13/7/2023,Purchase
826,43,21,29/9/2022,Purchase
827,102,99,7/9/2023,Purchase
828,18,78,17/10/2022,Sale
829,60,47,24/4/2023,Sale
830,27,32,13/2/2023,Sale
831,69,84,10/10/2022,Purchase
832,3,2,16/5/2023,Sale
833,44,20,14/3/2023,Sale
834,88,20,25/6/2023,Sale
835,39,81,9/1/2023,Sale
836,119,68,6/11/2022,Purchase
837,32,92,16/8/2023,Sale
838,72,53,25/8/2023,Purchase
839,93,89,24/10/2022,Sale
840,122,71,5/12/2022,Purchase
841,114,40,17/3/2023,Purchase
842,96,64,30/1/2023,Sale
843,17,74,28/9/2022,Sale
844,21,98,8/11/2022,Purchase
845,82,6,29/11/2022,Sale
846,4,16,16/2/2023,Sale
847,24,78,9/9/2023,Sale
848,35,41,6/12/2022,Sale
849,107,98,4/1/2023,Purchase
850,57,60,3/12/2022,Purchase
851,53,74,22/5/2023,Purchase
852,55,5,11/1/2023,Sale
853,147,67,30/4/2023,Sale
854,52,36,14/12/2022,Purchase
855,45,99,17/8/2023,Sale
856,137,22,14/12/2022,Purchase
857,118,70,5/10/2022,Sale
858,48,46,14/1/2023,Purchase
859,97,36,12/7/2023,Purchase
860,61,74,20/10/2022,Sale
861,46,23,5/3/2023,Purchase
862,49,13,18/7/2023,Sale
863,139,98,2/6/2023,Sale
864,101,34,17/11/2022,Purchase
865,146,99,14/10/2022,Sale
866,116,85,14/9/2023,Sale
867,133,16,16/4/2023,Sale
868,130,23,2/8/2023,Purchase
869,8,64,12/7/2023,Sale
870,94,61,9/8/2023,Purchase
871,112,75,23/4/2023,Sale
872,136,41,8/11/2022,Sale
873,13,1,18/9/2022,Sale
874,30,74,26/6/2023,Purchase
875,1,68,6/1/2023,Sale
876,10,49,25/2/2023,Purchase
877,45,58,21/9/2022,Sale
878,96,93,16/5/2023,Purchase
879,124,61,24/5/2023,Purchase
880,91,10,4/4/2023,Purchase
881,105,98,13/2/2023,Sale
882,69,32,2/12/2022,Purchase
883,2,53,25/8/2023,Purchase
884,90,43,4/8/2023,Sale
885,44,63,18/1/2023,Sale
886,142,16,6/9/2023,Sale
887,25,52,18/8/2023,Purchase
888,101,96,2/7/2023,Sale
889,57,56,15/5/2023,Purchase
890,30,63,16/10/2022,Sale
891,108,77,23/5/2023,Purchase
892,138,76,8/10/2022,Sale
893,122,46,10/2/2023,Sale
894,58,42,18/1/2023,Sale
895,65,49,11/10/2022,Purchase
896,74,73,3/11/2022,Sale
897,46,93,25/6/2023,Purchase
898,71,34,25/2/2023,Sale
899,10,34,9/12/2022,Sale
900,5,45,24/4/2023,Sale
901,21,38,14/6/2023,Sale
902,55,99,12/5/2023,Purchase
903,85,73,24/3/2023,Purchase
904,26,30,5/5/2023,Sale
905,80,32,23/7/2023,Purchase
906,136,92,6/10/2022,Purchase
907,52,3,14/11/2022,Sale
908,68,16,23/11/2022,Sale
909,106,35,16/5/2023,Purchase
910,63,63,13/11/2022,Purchase
911,117,46,9/9/2023,Purchase
912,88,30,24/10/2022,Purchase
913,126,54,17/8/2023,Purchase
914,32,77,18/9/2022,Sale
915,144,51,29/9/2022,Purchase
916,49,76,14/3/2023,Sale
917,79,79,12/11/2022,Sale
918,128,78,30/10/2022,Sale
919,139,29,1/5/2023,Sale
920,40,25,23/7/2023,Sale
921,140,43,2/12/2022,Purchase
922,53,70,27/7/2023,Sale
923,11,66,14/4/2023,Purchase
924,83,100,21/7/2023,Sale
925,135,72,3/6/2023,Sale
926,149,14,15/4/2023,Purchase
927,29,11,23/1/2023,Purchase
928,130,55,8/8/2023,Sale
929,36,77,29/10/2022,Purchase
930,100,14,13/6/2023,Sale
931,61,74,25/2/2023,Sale
932,148,30,16/7/2023,Purchase
933,102,53,19/12/2022,Sale
934,27,30,3/1/2023,Sale
935,50,52,11/8/2023,Purchase
936,51,72,20/12/2022,Sale
937,64,70,10/12/2022,Sale
938,125,76,2/2/2023,Sale
939,113,92,28/2/2023,Sale
940,48,57,23/5/2023,Sale
941,109,15,25/1/2023,Purchase
942,3,56,24/4/2023,Purchase
943,121,67,10/5/2023,Purchase
944,114,26,6/8/2023,Sale
945,60,29,25/7/2023,Purchase
946,72,36,23/1/2023,Sale
947,22,100,5/1/2023,Purchase
948,6,41,20/1/2023,Purchase
949,38,55,24/1/2023,Sale
950,15,71,11/11/2022,Purchase
951,78,55,26/6/2023,Purchase
952,75,68,21/12/2022,Purchase
953,119,52,1/8/2023,Purchase
954,9,17,9/12/2022,Sale
955,146,12,3/5/2023,Sale
956,20,42,16/5/2023,Sale
957,67,85,29/3/2023,Sale
958,47,62,13/2/2023,Purchase
959,143,75,4/4/2023,Purchase
960,99,18,14/7/2023,Sale
961,4,20,16/9/2023,Purchase
962,62,46,8/2/2023,Sale
963,66,78,26/4/2023,Sale
964,118,36,23/1/2023,Purchase
965,103,62,18/11/2022,Sale
966,132,99,24/9/2022,Purchase
967,89,16,17/5/2023,Purchase
968,150,12,8/12/2022,Purchase
969,134,57,25/8/2023,Purchase
970,56,45,6/9/2023,Sale
971,35,73,23/7/2023,Sale
972,84,25,16/10/2022,Sale
973,86,97,10/2/2023,Purchase
974,92,72,28/9/2022,Sale
975,31,22,29/10/2022,Sale
976,110,27,25/8/2023,Purchase
977,97,2,3/3/2023,Sale
978,73,13,6/12/2022,Purchase
979,145,2,7/6/2023,Purchase
980,1,99,21/7/2023,Purchase
981,14,43,4/4/2023,Sale
982,98,91,19/4/2023,Purchase
983,137,77,8/2/2023,Purchase
984,93,75,11/1/2023,Purchase
985,41,38,15/5/2023,Sale
986,8,55,23/2/2023,Sale
987,70,15,29/9/2022,Sale
988,42,81,19/11/2022,Sale
989,24,73,12/5/2023,Purchase
990,129,96,18/9/2022,Sale
991,120,76,11/3/2023,Purchase
992,13,50,14/1/2023,Sale
993,95,97,9/8/2023,Sale
994,116,38,13/7/2023,Sale
995,81,5,1/1/2023,Sale
996,104,59,19/5/2023,Purchase
997,18,87,2/1/2023,Purchase
998,76,2,19/12/2022,Purchase
999,115,6,9/3/2023,Sale
1000,147,57,9/4/2023,Purchase
